<?xml version="1.0"?>
<doc>
    <assembly>
        <name>Topshelf.Log4Net</name>
    </assembly>
    <members>
        <member name="T:Topshelf.Log4NetConfigurationExtensions">
            <summary>
              Extensions for configuring Logging for log4net
            </summary>
        </member>
        <member name="M:Topshelf.Log4NetConfigurationExtensions.UseLog4Net(Topshelf.HostConfigurators.HostConfigurator)">
            <summary>
              Specify that you want to use the Log4net logging engine.
            </summary>
            <param name="configurator"> </param>
        </member>
        <member name="M:Topshelf.Log4NetConfigurationExtensions.UseLog4Net(Topshelf.HostConfigurators.HostConfigurator,System.String)">
            <summary>
              Specify that you want to use the Log4net logging engine.
            </summary>
            <param name="configurator"> </param>
            <param name="configFileName"> The name of the log4net xml configuration file </param>
        </member>
        <member name="M:Topshelf.Log4NetConfigurationExtensions.UseLog4Net(Topshelf.HostConfigurators.HostConfigurator,System.String,System.Boolean)">
            <summary>
              Specify that you want to use the Log4net logging engine.
            </summary>
            <param name="configurator"> </param>
            <param name="configFileName"> The name of the log4net xml configuration file </param>
            <param name="watchFile"> Should log4net watch the config file? </param>
        </member>
    </members>
</doc>
